model,accuracy,precision,recall,f1_score,auc,volatility_threshold
ARIMA-GARCH,0.8666666666666667,0.8947368421052632,0.8095238095238095,0.85,0.8968253968253967,2.115674093476878
