model,accuracy,precision,recall,f1_score,auc,uncertainty_threshold,lags
Bayesian VAR,0.8444444444444444,0.8888888888888888,0.7619047619047619,0.8205128205128205,0.8928571428571428,2.6253506281727126,3
