spike,count,percentage
0,169,75.1111111111111
1,56,24.88888888888889
